{
  "input_length": 82,
  "num_layers": 4,
  "num_slots": 8,
  "hcm_dim": 1024,
  "output_shape": [
    1,
    82,
    50257
  ],
  "layer_memory_norms": {
    "layer_0": 88.12686920166016,
    "layer_1": 87.81119537353516,
    "layer_2": 87.80858612060547,
    "layer_3": 88.12076568603516
  }
}